{"cameraMode":{"drawMode":0,"name":"Shaded","section":"Shading Mode"},"sceneLighting":true,"audioPlay":false,"sceneViewState":{"m_AlwaysRefresh":false,"showFog":true,"showSkybox":true,"showFlares":true,"showImageEffects":true,"showParticleSystems":true,"showVisualEffectGraphs":true,"m_FxEnabled":true},"in2DMode":false,"pivot":{"x":68.72361755371094,"y":6.574416637420654,"z":265.74444580078127},"rotation":{"x":0.046108875423669818,"y":0.9441134929656982,"z":-0.1502426266670227,"w":0.2898350656032562},"size":26.876272201538087,"orthographic":false}