{"cameraMode":{"drawMode":0,"name":"Shaded","section":"Shading Mode"},"sceneLighting":true,"audioPlay":false,"sceneViewState":{"m_AlwaysRefresh":false,"showFog":true,"showSkybox":true,"showFlares":true,"showImageEffects":true,"showParticleSystems":true,"showVisualEffectGraphs":true,"m_FxEnabled":true},"in2DMode":false,"pivot":{"x":74.01518249511719,"y":5.808717250823975,"z":295.2806396484375},"rotation":{"x":0.055305805057287219,"y":-0.6335413455963135,"z":-0.045520488172769549,"w":-0.7704075574874878},"size":0.8364989161491394,"orthographic":false}