{"cameraMode":{"drawMode":0,"name":"Shaded","section":"Shading Mode"},"sceneLighting":true,"audioPlay":false,"sceneViewState":{"m_AlwaysRefresh":false,"showFog":true,"showSkybox":true,"showFlares":true,"showImageEffects":true,"showParticleSystems":true,"showVisualEffectGraphs":true,"m_FxEnabled":true},"in2DMode":false,"pivot":{"x":81.82929992675781,"y":4.999999046325684,"z":303.58062744140627},"rotation":{"x":0.012115602381527424,"y":0.7284898161888123,"z":0.012889214791357518,"w":-0.6848258972167969},"size":3.464101791381836,"orthographic":false}