{"cameraMode":{"drawMode":0,"name":"Shaded","section":"Shading Mode"},"sceneLighting":true,"audioPlay":false,"sceneViewState":{"m_AlwaysRefresh":false,"showFog":true,"showSkybox":true,"showFlares":true,"showImageEffects":true,"showParticleSystems":true,"showVisualEffectGraphs":true,"m_FxEnabled":true},"in2DMode":false,"pivot":{"x":70.28665161132813,"y":5.3558173179626469,"z":298.5160827636719},"rotation":{"x":-0.016571735963225366,"y":0.9830897450447083,"z":-0.14135685563087464,"w":-0.11524933576583862},"size":0.04641559720039368,"orthographic":false}